{
  "dataset": "open_ended_eval_results.csv",
  "total_samples": 445,
  "samples_with_metrics": 445,
  "samples_without_metrics": 0,
  "coverage": 1.0,
  "metrics_mean": {
    "faithfulness": 0.40007821764998014,
    "answer_relevancy": 0.5598722708250521,
    "answer_correctness": 0.27300638931592625,
    "context_precision": 0.7988474476188004,
    "context_recall": 0.8046076333154984
  },
  "metrics_std": {
    "faithfulness": 0.295687336831412,
    "answer_relevancy": 0.4052994606000504,
    "answer_correctness": 0.14643447558502998,
    "context_precision": 0.24082267767301607,
    "context_recall": 0.3159706676215383
  }
}