{
  "dataset": "open_ended_eval_results_8B.csv",
  "total_samples": 449,
  "samples_with_metrics": 449,
  "samples_without_metrics": 0,
  "coverage": 1.0,
  "metrics_mean": {
    "faithfulness": 0.40393795141998773,
    "answer_relevancy": 0.5602663802919742,
    "answer_correctness": 0.27355139479803847,
    "context_precision": 0.7968400040297844,
    "context_recall": 0.8012258281189238
  },
  "metrics_std": {
    "faithfulness": 0.2984216247943738,
    "answer_relevancy": 0.4048746473695873,
    "answer_correctness": 0.14709287467307502,
    "context_precision": 0.24293416845839988,
    "context_recall": 0.3185717508143301
  }
}